file_path,label_text
0.jpg,below
1.jpg,lin
2.jpg,normes
3.jpg,refuse
4.jpg,texte essay
5.jpg,Fin
6.jpg,opposition
7.jpg,ushima
8.jpg,cho
9.jpg,servi
10.jpg,manières Ris
11.jpg,urine
12.jpg,vibrations
13.jpg,Night gén
14.jpg,ton
15.jpg,séparé
16.jpg,réservoir
17.jpg,processes omac
18.jpg,membrane mathema
19.jpg,trône ”?
20.jpg,5)
21.jpg,domin
22.jpg,tomorrow jours
23.jpg,sounds
24.jpg,throat cats
25.jpg,already
26.jpg,Ret
27.jpg,Emily
28.jpg,Black
29.jpg,iph urations
30.jpg,Recovery
31.jpg,ml
32.jpg,Yan
33.jpg,issus interromp
34.jpg,défenseurs
35.jpg,Ch
36.jpg,fleet
37.jpg,Ky
38.jpg,orient
39.jpg,serre
40.jpg,agreements Sn
41.jpg,Treasury
42.jpg,border
43.jpg,prot
44.jpg,illé
45.jpg,cles
46.jpg,box
47.jpg,LS
48.jpg,point
49.jpg,PS
50.jpg,mal
51.jpg,iday
52.jpg,Ascension
53.jpg,quotes
54.jpg,There
55.jpg,SP
56.jpg,résist conversation
57.jpg,his
58.jpg,medic
59.jpg,leverage
60.jpg,origine offices
61.jpg,expl acceptez
62.jpg,bour prosperity
63.jpg,nelles
64.jpg,Mer
65.jpg,cuts
66.jpg,entific
67.jpg,devenu article
68.jpg,propriétaires
69.jpg,illion
70.jpg,AD
71.jpg,detained fibre
72.jpg,cic
73.jpg,entially
74.jpg,mes
75.jpg,détection inners
76.jpg,plutôt
77.jpg,spécialisés
78.jpg,réclam
79.jpg,itative aix
80.jpg,infectious capit
81.jpg,affair
82.jpg,explos igrants
83.jpg,céd
84.jpg,puis
85.jpg,woman
86.jpg,terreur
87.jpg,accident
88.jpg,accompagnés warnings
89.jpg,overed
90.jpg,Limited
91.jpg,stability
92.jpg,Linda Buddha
93.jpg,complain
94.jpg,pose
95.jpg,roses
96.jpg,OL
97.jpg,faculty 53
98.jpg,directive
99.jpg,thérapeutiques
100.jpg,habile consommateur
101.jpg,Vit oes
102.jpg,Abs
103.jpg,tements
104.jpg,Zh
105.jpg,mis
106.jpg,onder official
107.jpg,ret
108.jpg,éf
109.jpg,Base
110.jpg,Plus
111.jpg,ce
112.jpg,phil
113.jpg,.1 icy
114.jpg,peau
115.jpg,stratégiques
116.jpg,acer
117.jpg,Print
118.jpg,4%
119.jpg,chans
120.jpg,rendu
121.jpg,Between fill
122.jpg,Dés
123.jpg,cher
124.jpg,workforce concep
125.jpg,Ob Airbus
126.jpg,eren
127.jpg,ur
128.jpg,image Marco
129.jpg,projec
130.jpg,étr
131.jpg,divertissement
132.jpg,ren
133.jpg,proletariat
134.jpg,sh
135.jpg,ex
136.jpg,dédié
137.jpg,ders
138.jpg,Que ugh
139.jpg,iness
140.jpg,sab
141.jpg,consiste
142.jpg,va
143.jpg,chaque
144.jpg,libre proposent
145.jpg,dépit
146.jpg,Day
147.jpg,wrote lobby
148.jpg,endu
149.jpg,Record
150.jpg,-7
151.jpg,ressed
152.jpg,endor
153.jpg,conqu
154.jpg,maman
155.jpg,base
156.jpg,injections
157.jpg,28 thetic
158.jpg,Fu
159.jpg,intim
160.jpg,Hur
161.jpg,content
162.jpg,Bo
163.jpg,It belong
164.jpg,Making
165.jpg,issions Cri
166.jpg,FM
167.jpg,pén
168.jpg,pump dr
169.jpg,hide vaste
170.jpg,romp
171.jpg,Cold
172.jpg,be
173.jpg,cir
174.jpg,il
175.jpg,mid
176.jpg,Ou
177.jpg,Yellow
178.jpg,Patrick XXI
179.jpg,questions
180.jpg,carb
181.jpg,film
182.jpg,irait
183.jpg,disent
184.jpg,pois
185.jpg,HR
186.jpg,ardin
187.jpg,approfond ardo
188.jpg,Cart
189.jpg,communique
190.jpg,utely
191.jpg,teor
192.jpg,Ox
193.jpg,spiritual
194.jpg,aie
195.jpg,répartition
196.jpg,b
197.jpg,cod
198.jpg,unpre
199.jpg,met
200.jpg,4.
201.jpg,spécifications
202.jpg,OR ataires
203.jpg,uré
204.jpg,Sund «
205.jpg,eal
206.jpg,Vo
207.jpg,unal voilà
208.jpg,dangerous
209.jpg,alternative
210.jpg,ces
211.jpg,»)
212.jpg,scal Masters
213.jpg,exploit
214.jpg,con
215.jpg,ouveau
216.jpg,Tool
217.jpg,abdic stri
218.jpg,quo
219.jpg,award
220.jpg,thal
221.jpg,Conservation
222.jpg,busy parliamentary
223.jpg,qu mosque
224.jpg,richest
225.jpg,ph
226.jpg,cac
227.jpg,acteur
228.jpg,PlayStation
229.jpg,rême cont
230.jpg,excluded
231.jpg,Personn rif
232.jpg,Mos bouteille
233.jpg,Military (8
234.jpg,opl
235.jpg,sublime Implement
236.jpg,engers
237.jpg,èbres
238.jpg,Bas
239.jpg,opt
240.jpg,centre Being
241.jpg,Commander cell
242.jpg,rich snow
243.jpg,lui
244.jpg,grecque
245.jpg,quées announcement
246.jpg,keywords
247.jpg,costly
248.jpg,Early
249.jpg,evolve
250.jpg,cinquième
251.jpg,musulmans din
252.jpg,87 chrétiens
253.jpg,Located
254.jpg,introduction
255.jpg,Sp
256.jpg,hu
257.jpg,tenue
258.jpg,trouvés penalties
259.jpg,concessions
260.jpg,recommandons
261.jpg,IC
262.jpg,axe
263.jpg,cade
264.jpg,dal oubli
265.jpg,Motion
266.jpg,planetary Nov
267.jpg,chac
268.jpg,46
269.jpg,1986
270.jpg,linking
271.jpg,Conseil é
272.jpg,organ
273.jpg,delivering
274.jpg,14
275.jpg,ship
276.jpg,mach
277.jpg,ications delivering
278.jpg,Et
279.jpg,accountable
280.jpg,rep
281.jpg,18
282.jpg,192
283.jpg,43
284.jpg,gren
285.jpg,asso réponses
286.jpg,gone
287.jpg,quie
288.jpg,Mère
289.jpg,omen
290.jpg,osition permettrait
291.jpg,constructeur Vladimir
292.jpg,Post
293.jpg,ésie
294.jpg,Male
295.jpg,ad
296.jpg,relativement négative
297.jpg,tâche nurs
298.jpg,logical
299.jpg,Your
300.jpg,alive
301.jpg,comprend
302.jpg,wers
303.jpg,nex
304.jpg,iment
305.jpg,remer
306.jpg,feu before
307.jpg,47
308.jpg,pe
309.jpg,Yours
310.jpg,cur
311.jpg,burgh
312.jpg,accepter
313.jpg,mental Commonwealth
314.jpg,sample
315.jpg,bottle
316.jpg,bu
317.jpg,ev
318.jpg,Im éducation
319.jpg,tor
320.jpg,sovereign
321.jpg,actions guer
322.jpg,ox
323.jpg,Per
324.jpg,Ve
325.jpg,comparative
326.jpg,mand
327.jpg,planted
328.jpg,uto
329.jpg,backgrounds
330.jpg,organisations
331.jpg,rib
332.jpg,ird
333.jpg,Industries aluer
334.jpg,hausse
335.jpg,chrom
336.jpg,24-
337.jpg,quête
338.jpg,urers
339.jpg,sph
340.jpg,under
341.jpg,venus
342.jpg,veter building
343.jpg,returns
344.jpg,fonctionne
345.jpg,efforts rig
346.jpg,inqui
347.jpg,ètes
348.jpg,réf petition
349.jpg,dir
350.jpg,cir
351.jpg,served
352.jpg,Duty
353.jpg,partir
354.jpg,armée
355.jpg,eman TVA
356.jpg,erted reductions
357.jpg,Hass
358.jpg,édie Interior
359.jpg,foll
360.jpg,incomplete initiale
361.jpg,édia His
362.jpg,survived aron
363.jpg,IFA Wayne
364.jpg,armée
365.jpg,Berg
366.jpg,Ble
367.jpg,Tibet mistake
368.jpg,struction
369.jpg,father Kor
370.jpg,car
371.jpg,alymp
372.jpg,ron
373.jpg,courants AM
374.jpg,ondes orient
375.jpg,Qu
376.jpg,Mob
377.jpg,AV
378.jpg,Walpurgis shortly
379.jpg,The
380.jpg,Bra
381.jpg,estim
382.jpg,Galile
383.jpg,éric
384.jpg,blo ils
385.jpg,BA
386.jpg,Cob
387.jpg,ses
388.jpg,Alf
389.jpg,entir occidentaux
390.jpg,comprim
391.jpg,retrouv graduate
392.jpg,trav
393.jpg,tooth upgra
394.jpg,imperialism
395.jpg,3
396.jpg,Spe
397.jpg,admission
398.jpg,effectuée ne
399.jpg,se
400.jpg,biodiversité regard
401.jpg,Cooper
402.jpg,universal ende
403.jpg,retrouvent
404.jpg,engager érer
405.jpg,prendra
406.jpg,Amour
407.jpg,ravis
408.jpg,galaxy
409.jpg,divulgation dam
410.jpg,respons reconnaissance
411.jpg,iss lah
412.jpg,goût
413.jpg,Fern
414.jpg,umeur
415.jpg,SU
416.jpg,éro
417.jpg,effray violation
418.jpg,.).
419.jpg,def
420.jpg,agir
421.jpg,CL
422.jpg,sout
423.jpg,promoted
424.jpg,Eas
425.jpg,icking
426.jpg,quest
